project,merge_date,day_index,builds_per_day,build_index_start,build_index_end,cumulative_builds,daily_commit_count
openthread,2018-10-12,1,1,1,1,1,7
openthread,2018-10-13,2,1,2,2,2,5
openthread,2018-10-14,3,1,3,3,3,4
openthread,2018-10-15,4,1,4,4,4,4
openthread,2018-10-16,5,1,5,5,5,2
openthread,2018-10-17,6,1,6,6,6,13
openthread,2018-10-18,7,1,7,7,7,2
openthread,2018-10-23,8,1,8,8,8,7
openthread,2018-10-24,9,1,9,9,9,1
openthread,2018-10-25,10,1,10,10,10,12
openthread,2018-10-26,11,1,11,11,11,4
openthread,2018-10-29,12,1,12,12,12,6
openthread,2018-10-30,13,1,13,13,13,7
openthread,2018-10-31,14,1,14,14,14,4
openthread,2018-11-01,15,1,15,15,15,6
openthread,2018-11-02,16,1,16,16,16,8
openthread,2018-11-03,17,1,17,17,17,9
openthread,2018-11-04,18,1,18,18,18,1
openthread,2018-11-05,19,1,19,19,19,2
openthread,2018-11-06,20,1,20,20,20,5
openthread,2018-11-07,21,1,21,21,21,1
openthread,2018-11-08,22,1,22,22,22,5
openthread,2018-11-09,23,1,23,23,23,4
openthread,2018-11-15,24,1,24,24,24,7
openthread,2018-11-17,25,1,25,25,25,5
openthread,2018-11-19,26,1,26,26,26,3
openthread,2018-11-26,27,1,27,27,27,4
openthread,2018-11-27,28,1,28,28,28,2
openthread,2018-11-28,29,1,29,29,29,8
openthread,2018-11-29,30,1,30,30,30,1
openthread,2018-11-30,31,1,31,31,31,3
openthread,2018-12-01,32,1,32,32,32,2
openthread,2018-12-03,33,1,33,33,33,3
openthread,2018-12-04,34,1,34,34,34,7
openthread,2018-12-05,35,1,35,35,35,1
openthread,2018-12-06,36,1,36,36,36,5
openthread,2018-12-07,37,1,37,37,37,2
openthread,2018-12-10,38,1,38,38,38,2
openthread,2018-12-12,39,1,39,39,39,3
openthread,2018-12-13,40,1,40,40,40,7
openthread,2018-12-22,41,1,41,41,41,1
openthread,2018-12-24,42,1,42,42,42,3
openthread,2018-12-27,43,1,43,43,43,5
openthread,2018-12-28,44,1,44,44,44,2
openthread,2018-12-29,45,1,45,45,45,8
openthread,2019-01-02,46,1,46,46,46,7
openthread,2019-01-03,47,1,47,47,47,8
openthread,2019-01-04,48,1,48,48,48,4
openthread,2019-01-07,49,1,49,49,49,3
openthread,2019-01-09,50,1,50,50,50,7
openthread,2019-01-10,51,1,51,51,51,2
openthread,2019-01-11,52,1,52,52,52,3
openthread,2019-01-14,53,1,53,53,53,3
openthread,2019-01-15,54,1,54,54,54,2
openthread,2019-01-16,55,1,55,55,55,6
openthread,2019-01-17,56,1,56,56,56,6
openthread,2019-01-18,57,1,57,57,57,7
openthread,2019-01-22,58,1,58,58,58,5
openthread,2019-01-23,59,1,59,59,59,11
openthread,2019-01-24,60,1,60,60,60,10
openthread,2019-01-25,61,1,61,61,61,10
openthread,2019-01-28,62,1,62,62,62,8
openthread,2019-01-29,63,1,63,63,63,6
openthread,2019-01-30,64,1,64,64,64,3
openthread,2019-01-31,65,1,65,65,65,6
openthread,2019-02-01,66,1,66,66,66,4
openthread,2019-02-02,67,1,67,67,67,3
openthread,2019-02-04,68,1,68,68,68,6
openthread,2019-02-05,69,1,69,69,69,15
openthread,2019-02-06,70,1,70,70,70,4
openthread,2019-02-07,71,1,71,71,71,2
openthread,2019-02-08,72,1,72,72,72,4
openthread,2019-02-11,73,1,73,73,73,7
openthread,2019-02-12,74,1,74,74,74,4
openthread,2019-02-13,75,1,75,75,75,3
openthread,2019-02-14,76,1,76,76,76,6
openthread,2019-02-15,77,1,77,77,77,4
openthread,2019-02-16,78,1,78,78,78,1
openthread,2019-02-18,79,1,79,79,79,3
openthread,2019-02-19,80,1,80,80,80,6
openthread,2019-02-20,81,1,81,81,81,7
openthread,2019-02-21,82,1,82,82,82,2
openthread,2019-02-22,83,1,83,83,83,5
openthread,2019-02-23,84,1,84,84,84,1
openthread,2019-02-25,85,1,85,85,85,2
openthread,2019-02-26,86,1,86,86,86,8
openthread,2019-02-27,87,1,87,87,87,2
openthread,2019-02-28,88,1,88,88,88,4
openthread,2019-03-01,89,1,89,89,89,1
openthread,2019-03-04,90,1,90,90,90,3
openthread,2019-03-05,91,1,91,91,91,2
openthread,2019-03-07,92,1,92,92,92,3
openthread,2019-03-08,93,1,93,93,93,4
openthread,2019-03-11,94,1,94,94,94,4
openthread,2019-03-12,95,1,95,95,95,7
openthread,2019-03-13,96,1,96,96,96,4
openthread,2019-03-14,97,1,97,97,97,5
openthread,2019-03-15,98,1,98,98,98,2
openthread,2019-03-16,99,1,99,99,99,2
openthread,2019-03-18,100,1,100,100,100,2
openthread,2019-03-19,101,1,101,101,101,4
openthread,2019-03-20,102,1,102,102,102,4
openthread,2019-03-21,103,1,103,103,103,2
openthread,2019-03-22,104,1,104,104,104,13
openthread,2019-03-25,105,1,105,105,105,2
openthread,2019-03-26,106,1,106,106,106,2
openthread,2019-04-02,107,1,107,107,107,5
openthread,2019-04-04,108,1,108,108,108,5
openthread,2019-04-07,109,1,109,109,109,5
openthread,2019-04-08,110,1,110,110,110,3
openthread,2019-04-09,111,1,111,111,111,5
openthread,2019-04-10,112,1,112,112,112,3
openthread,2019-04-11,113,1,113,113,113,2
openthread,2019-04-12,114,1,114,114,114,1
openthread,2019-04-15,115,1,115,115,115,2
openthread,2019-04-16,116,1,116,116,116,6
openthread,2019-04-18,117,1,117,117,117,6
openthread,2019-04-22,118,1,118,118,118,1
openthread,2019-04-24,119,1,119,119,119,4
openthread,2019-04-26,120,1,120,120,120,5
openthread,2019-04-30,121,1,121,121,121,2
openthread,2019-05-01,122,1,122,122,122,2
openthread,2019-05-02,123,1,123,123,123,4
openthread,2019-05-03,124,1,124,124,124,1
openthread,2019-05-06,125,1,125,125,125,3
openthread,2019-05-08,126,1,126,126,126,1
openthread,2019-05-09,127,1,127,127,127,2
openthread,2019-05-10,128,1,128,128,128,2
openthread,2019-05-11,129,1,129,129,129,3
openthread,2019-05-12,130,1,130,130,130,1
openthread,2019-05-13,131,1,131,131,131,1
openthread,2019-05-14,132,1,132,132,132,1
openthread,2019-05-15,133,1,133,133,133,2
openthread,2019-05-16,134,1,134,134,134,4
openthread,2019-05-17,135,1,135,135,135,9
openthread,2019-05-18,136,1,136,136,136,1
openthread,2019-05-20,137,1,137,137,137,7
openthread,2019-05-21,138,1,138,138,138,4
openthread,2019-05-22,139,1,139,139,139,11
openthread,2019-05-23,140,1,140,140,140,5
openthread,2019-05-24,141,1,141,141,141,4
openthread,2019-05-25,142,1,142,142,142,1
openthread,2019-05-28,143,1,143,143,143,6
openthread,2019-05-31,144,1,144,144,144,4
openthread,2019-06-03,145,1,145,145,145,2
openthread,2019-06-04,146,1,146,146,146,3
openthread,2019-06-05,147,1,147,147,147,4
openthread,2019-06-06,148,1,148,148,148,2
openthread,2019-06-07,149,1,149,149,149,5
openthread,2019-06-10,150,1,150,150,150,2
openthread,2019-06-11,151,1,151,151,151,3
openthread,2019-06-12,152,1,152,152,152,2
openthread,2019-06-13,153,1,153,153,153,3
openthread,2019-06-14,154,1,154,154,154,4
openthread,2019-06-17,155,1,155,155,155,2
openthread,2019-06-18,156,1,156,156,156,3
openthread,2019-06-19,157,1,157,157,157,1
openthread,2019-06-20,158,1,158,158,158,8
openthread,2019-06-21,159,1,159,159,159,5
openthread,2019-06-25,160,1,160,160,160,1
openthread,2019-06-26,161,1,161,161,161,5
openthread,2019-06-27,162,1,162,162,162,1
openthread,2019-07-01,163,1,163,163,163,1
openthread,2019-07-02,164,1,164,164,164,2
openthread,2019-07-03,165,1,165,165,165,3
openthread,2019-07-09,166,1,166,166,166,8
openthread,2019-07-10,167,1,167,167,167,6
openthread,2019-07-19,168,1,168,168,168,2
openthread,2019-07-22,169,1,169,169,169,4
openthread,2019-07-23,170,1,170,170,170,6
openthread,2019-07-24,171,1,171,171,171,2
openthread,2019-07-31,172,1,172,172,172,30
openthread,2019-08-01,173,1,173,173,173,7
openthread,2019-08-05,174,1,174,174,174,7
openthread,2019-08-06,175,1,175,175,175,5
openthread,2019-08-08,176,1,176,176,176,8
openthread,2019-08-09,177,1,177,177,177,1
openthread,2019-08-12,178,1,178,178,178,6
openthread,2019-08-13,179,1,179,179,179,1
openthread,2019-08-14,180,1,180,180,180,4
openthread,2019-08-15,181,1,181,181,181,5
openthread,2019-08-19,182,1,182,182,182,3
openthread,2019-08-20,183,1,183,183,183,3
openthread,2019-08-21,184,1,184,184,184,2
openthread,2019-08-22,185,1,185,185,185,3
openthread,2019-08-23,186,1,186,186,186,3
openthread,2019-08-26,187,1,187,187,187,1
openthread,2019-08-27,188,1,188,188,188,2
openthread,2019-08-28,189,1,189,189,189,2
openthread,2019-08-29,190,1,190,190,190,2
openthread,2019-08-30,191,1,191,191,191,7
openthread,2019-09-04,192,1,192,192,192,3
openthread,2019-09-05,193,1,193,193,193,1
openthread,2019-09-06,194,1,194,194,194,1
openthread,2019-09-09,195,1,195,195,195,5
openthread,2019-09-10,196,1,196,196,196,4
openthread,2019-09-11,197,1,197,197,197,2
openthread,2019-09-12,198,1,198,198,198,3
openthread,2019-09-17,199,1,199,199,199,8
openthread,2019-09-18,200,1,200,200,200,6
openthread,2019-09-19,201,1,201,201,201,9
openthread,2019-09-20,202,1,202,202,202,4
openthread,2019-09-24,203,1,203,203,203,1
openthread,2019-09-25,204,1,204,204,204,5
openthread,2019-09-27,205,1,205,205,205,2
openthread,2019-10-01,206,1,206,206,206,3
openthread,2019-10-02,207,1,207,207,207,2
openthread,2019-10-04,208,1,208,208,208,9
openthread,2019-10-07,209,1,209,209,209,2
openthread,2019-10-08,210,1,210,210,210,2
openthread,2019-10-09,211,1,211,211,211,5
openthread,2019-10-10,212,1,212,212,212,1
openthread,2019-10-11,213,1,213,213,213,3
openthread,2019-10-14,214,1,214,214,214,3
openthread,2019-10-15,215,1,215,215,215,4
openthread,2019-10-16,216,1,216,216,216,3
openthread,2019-10-25,217,1,217,217,217,3
openthread,2019-10-28,218,1,218,218,218,3
openthread,2019-10-29,219,1,219,219,219,6
openthread,2019-10-30,220,1,220,220,220,3
openthread,2019-10-31,221,1,221,221,221,8
openthread,2019-11-01,222,1,222,222,222,4
openthread,2019-11-02,223,1,223,223,223,1
openthread,2019-11-04,224,1,224,224,224,6
openthread,2019-11-06,225,1,225,225,225,10
openthread,2019-11-07,226,1,226,226,226,4
openthread,2019-11-09,227,1,227,227,227,6
openthread,2019-11-11,228,1,228,228,228,5
openthread,2019-11-12,229,1,229,229,229,3
openthread,2019-11-13,230,1,230,230,230,5
openthread,2019-11-14,231,1,231,231,231,7
openthread,2019-11-15,232,1,232,232,232,2
openthread,2019-11-18,233,1,233,233,233,2
openthread,2019-11-20,234,1,234,234,234,6
openthread,2019-11-21,235,1,235,235,235,2
openthread,2019-11-25,236,1,236,236,236,18
openthread,2019-11-26,237,1,237,237,237,3
openthread,2019-11-27,238,1,238,238,238,3
openthread,2019-12-02,239,1,239,239,239,9
openthread,2019-12-03,240,1,240,240,240,8
openthread,2019-12-04,241,1,241,241,241,17
openthread,2019-12-06,242,1,242,242,242,4
openthread,2019-12-10,243,1,243,243,243,11
openthread,2019-12-11,244,1,244,244,244,11
openthread,2019-12-12,245,1,245,245,245,3
openthread,2019-12-13,246,1,246,246,246,6
openthread,2019-12-14,247,1,247,247,247,8
openthread,2019-12-16,248,1,248,248,248,8
openthread,2019-12-17,249,1,249,249,249,4
openthread,2019-12-18,250,1,250,250,250,9
openthread,2019-12-19,251,1,251,251,251,7
openthread,2019-12-23,252,1,252,252,252,2
openthread,2020-01-06,253,1,253,253,253,8
openthread,2020-01-07,254,1,254,254,254,1
openthread,2020-01-08,255,1,255,255,255,4
openthread,2020-01-09,256,1,256,256,256,10
openthread,2020-01-10,257,1,257,257,257,3
openthread,2020-01-11,258,1,258,258,258,2
openthread,2020-01-13,259,1,259,259,259,17
openthread,2020-01-14,260,1,260,260,260,2
openthread,2020-01-15,261,1,261,261,261,2
openthread,2020-01-17,262,1,262,262,262,9
openthread,2020-01-21,263,1,263,263,263,3
openthread,2020-01-22,264,1,264,264,264,10
openthread,2020-01-23,265,1,265,265,265,16
openthread,2020-01-24,266,1,266,266,266,3
openthread,2020-01-28,267,1,267,267,267,3
openthread,2020-01-30,268,1,268,268,268,2
openthread,2020-02-03,269,1,269,269,269,9
openthread,2020-02-04,270,1,270,270,270,5
openthread,2020-02-07,271,1,271,271,271,8
openthread,2020-02-08,272,1,272,272,272,4
openthread,2020-02-09,273,1,273,273,273,2
openthread,2020-02-10,274,1,274,274,274,3
openthread,2020-02-11,275,1,275,275,275,12
openthread,2020-02-12,276,1,276,276,276,5
openthread,2020-02-13,277,1,277,277,277,1
openthread,2020-02-19,278,1,278,278,278,5
openthread,2020-02-20,279,1,279,279,279,7
openthread,2020-02-24,280,1,280,280,280,12
openthread,2020-02-25,281,1,281,281,281,7
openthread,2020-02-26,282,1,282,282,282,2
openthread,2020-02-27,283,1,283,283,283,5
openthread,2020-02-28,284,1,284,284,284,6
openthread,2020-02-29,285,1,285,285,285,2
openthread,2020-03-02,286,1,286,286,286,2
openthread,2020-03-03,287,1,287,287,287,6
openthread,2020-03-04,288,1,288,288,288,5
openthread,2020-03-05,289,1,289,289,289,9
openthread,2020-03-07,290,1,290,290,290,5
openthread,2020-03-08,291,1,291,291,291,1
openthread,2020-03-09,292,1,292,292,292,7
openthread,2020-03-10,293,1,293,293,293,4
openthread,2020-03-11,294,1,294,294,294,8
openthread,2020-03-13,295,1,295,295,295,4
openthread,2020-03-14,296,1,296,296,296,6
openthread,2020-03-16,297,1,297,297,297,3
openthread,2020-03-17,298,1,298,298,298,5
openthread,2020-03-18,299,1,299,299,299,1
openthread,2020-03-19,300,1,300,300,300,18
openthread,2020-03-20,301,1,301,301,301,7
openthread,2020-03-21,302,1,302,302,302,2
openthread,2020-03-23,303,1,303,303,303,4
openthread,2020-03-24,304,1,304,304,304,11
openthread,2020-03-25,305,1,305,305,305,11
openthread,2020-03-26,306,1,306,306,306,8
openthread,2020-03-27,307,1,307,307,307,6
openthread,2020-03-28,308,1,308,308,308,2
openthread,2020-03-30,309,1,309,309,309,6
openthread,2020-03-31,310,1,310,310,310,11
openthread,2020-04-01,311,1,311,311,311,5
openthread,2020-04-02,312,1,312,312,312,6
openthread,2020-04-03,313,1,313,313,313,6
openthread,2020-04-04,314,1,314,314,314,6
openthread,2020-04-07,315,1,315,315,315,4
openthread,2020-04-08,316,1,316,316,316,1
openthread,2020-04-09,317,1,317,317,317,12
openthread,2020-04-10,318,1,318,318,318,2
openthread,2020-04-12,319,1,319,319,319,2
openthread,2020-04-13,320,1,320,320,320,1
openthread,2020-04-14,321,1,321,321,321,5
openthread,2020-04-15,322,1,322,322,322,11
openthread,2020-04-16,323,1,323,323,323,5
openthread,2020-04-17,324,1,324,324,324,9
openthread,2020-04-18,325,1,325,325,325,4
openthread,2020-04-21,326,1,326,326,326,7
openthread,2020-04-22,327,1,327,327,327,4
openthread,2020-04-23,328,1,328,328,328,2
openthread,2020-04-24,329,1,329,329,329,8
openthread,2020-04-25,330,1,330,330,330,2
openthread,2020-04-26,331,1,331,331,331,2
openthread,2020-04-27,332,1,332,332,332,3
openthread,2020-04-28,333,1,333,333,333,14
openthread,2020-04-29,334,1,334,334,334,10
openthread,2020-04-30,335,1,335,335,335,9
openthread,2020-05-03,336,1,336,336,336,2
openthread,2020-05-04,337,1,337,337,337,2
openthread,2020-05-06,338,1,338,338,338,2
openthread,2020-05-07,339,1,339,339,339,7
openthread,2020-05-08,340,1,340,340,340,1
openthread,2020-05-09,341,1,341,341,341,1
openthread,2020-05-10,342,1,342,342,342,1
openthread,2020-05-11,343,1,343,343,343,49
openthread,2020-05-13,344,1,344,344,344,8
openthread,2020-05-14,345,1,345,345,345,7
openthread,2020-05-15,346,1,346,346,346,3
openthread,2020-05-18,347,1,347,347,347,5
openthread,2020-05-20,348,1,348,348,348,5
openthread,2020-05-21,349,1,349,349,349,23
openthread,2020-05-22,350,1,350,350,350,1
openthread,2020-05-25,351,1,351,351,351,2
openthread,2020-05-26,352,1,352,352,352,5
openthread,2020-05-27,353,1,353,353,353,3
openthread,2020-05-28,354,1,354,354,354,9
openthread,2020-05-29,355,1,355,355,355,8
openthread,2020-05-30,356,1,356,356,356,2
openthread,2020-06-01,357,1,357,357,357,3
openthread,2020-06-02,358,1,358,358,358,8
openthread,2020-06-03,359,1,359,359,359,5
openthread,2020-06-04,360,1,360,360,360,7
openthread,2020-06-05,361,1,361,361,361,3
openthread,2020-06-06,362,1,362,362,362,3
openthread,2020-06-08,363,1,363,363,363,6
openthread,2020-06-09,364,1,364,364,364,8
openthread,2020-06-10,365,1,365,365,365,3
openthread,2020-06-11,366,1,366,366,366,6
openthread,2020-06-12,367,1,367,367,367,2
openthread,2020-06-15,368,1,368,368,368,3
openthread,2020-06-16,369,1,369,369,369,8
openthread,2020-06-17,370,1,370,370,370,7
openthread,2020-06-18,371,1,371,371,371,2
openthread,2020-06-19,372,1,372,372,372,9
openthread,2020-06-21,373,1,373,373,373,4
openthread,2020-06-22,374,1,374,374,374,4
openthread,2020-06-23,375,1,375,375,375,3
openthread,2020-06-24,376,1,376,376,376,5
openthread,2020-06-25,377,1,377,377,377,3
openthread,2020-06-26,378,1,378,378,378,4
openthread,2020-06-29,379,1,379,379,379,5
openthread,2020-06-30,380,1,380,380,380,7
openthread,2020-07-01,381,1,381,381,381,9
openthread,2020-07-02,382,1,382,382,382,5
openthread,2020-07-03,383,1,383,383,383,3
openthread,2020-07-06,384,1,384,384,384,3
openthread,2020-07-07,385,1,385,385,385,6
openthread,2020-07-08,386,1,386,386,386,7
openthread,2020-07-09,387,1,387,387,387,6
openthread,2020-07-10,388,1,388,388,388,4
openthread,2020-07-13,389,1,389,389,389,3
openthread,2020-07-14,390,1,390,390,390,3
openthread,2020-07-15,391,1,391,391,391,7
openthread,2020-07-16,392,1,392,392,392,6
openthread,2020-07-17,393,1,393,393,393,5
openthread,2020-07-20,394,1,394,394,394,3
openthread,2020-07-21,395,1,395,395,395,7
openthread,2020-07-22,396,1,396,396,396,7
openthread,2020-07-23,397,1,397,397,397,7
openthread,2020-07-24,398,1,398,398,398,3
openthread,2020-07-25,399,1,399,399,399,2
openthread,2020-07-27,400,1,400,400,400,1
openthread,2020-07-28,401,1,401,401,401,5
openthread,2020-07-31,402,1,402,402,402,1
openthread,2020-08-01,403,1,403,403,403,7
openthread,2020-08-03,404,1,404,404,404,5
openthread,2020-08-04,405,1,405,405,405,2
openthread,2020-08-05,406,1,406,406,406,3
openthread,2020-08-06,407,1,407,407,407,8
openthread,2020-08-07,408,1,408,408,408,6
openthread,2020-08-10,409,1,409,409,409,6
openthread,2020-08-11,410,1,410,410,410,9
openthread,2020-08-12,411,1,411,411,411,3
openthread,2020-08-13,412,1,412,412,412,3
openthread,2020-08-14,413,1,413,413,413,2
openthread,2020-08-15,414,1,414,414,414,9
openthread,2020-08-17,415,1,415,415,415,3
openthread,2020-08-18,416,1,416,416,416,5
openthread,2020-08-19,417,1,417,417,417,12
openthread,2020-08-20,418,1,418,418,418,6
openthread,2020-08-21,419,1,419,419,419,4
openthread,2020-08-22,420,1,420,420,420,1
openthread,2020-08-24,421,1,421,421,421,3
openthread,2020-08-25,422,1,422,422,422,3
openthread,2020-08-26,423,1,423,423,423,5
openthread,2020-08-27,424,1,424,424,424,7
openthread,2020-08-28,425,1,425,425,425,5
openthread,2020-08-29,426,1,426,426,426,2
openthread,2020-08-30,427,1,427,427,427,1
openthread,2020-08-31,428,1,428,428,428,4
openthread,2020-09-01,429,1,429,429,429,3
openthread,2020-09-02,430,1,430,430,430,4
openthread,2020-09-03,431,1,431,431,431,5
openthread,2020-09-08,432,1,432,432,432,5
openthread,2020-09-09,433,1,433,433,433,6
openthread,2020-09-11,434,1,434,434,434,9
openthread,2020-09-14,435,1,435,435,435,3
openthread,2020-09-15,436,1,436,436,436,3
openthread,2020-09-16,437,1,437,437,437,4
openthread,2020-09-17,438,1,438,438,438,5
openthread,2020-09-18,439,1,439,439,439,2
openthread,2020-09-19,440,1,440,440,440,3
openthread,2020-09-21,441,1,441,441,441,7
openthread,2020-09-22,442,1,442,442,442,6
openthread,2020-09-23,443,1,443,443,443,3
openthread,2020-09-24,444,1,444,444,444,3
openthread,2020-09-25,445,1,445,445,445,6
openthread,2020-09-27,446,1,446,446,446,3
openthread,2020-09-28,447,1,447,447,447,3
openthread,2020-09-29,448,1,448,448,448,4
openthread,2020-09-30,449,1,449,449,449,8
openthread,2020-10-01,450,1,450,450,450,1
openthread,2020-10-03,451,1,451,451,451,3
openthread,2020-10-04,452,1,452,452,452,1
openthread,2020-10-07,453,1,453,453,453,2
openthread,2020-10-08,454,1,454,454,454,6
openthread,2020-10-09,455,1,455,455,455,2
openthread,2020-10-11,456,1,456,456,456,10
openthread,2020-10-12,457,1,457,457,457,4
openthread,2020-10-13,458,1,458,458,458,7
openthread,2020-10-14,459,1,459,459,459,7
openthread,2020-10-15,460,1,460,460,460,4
openthread,2020-10-16,461,1,461,461,461,8
openthread,2020-10-19,462,1,462,462,462,3
openthread,2020-10-20,463,1,463,463,463,3
openthread,2020-10-21,464,1,464,464,464,4
openthread,2020-10-22,465,1,465,465,465,4
openthread,2020-10-23,466,1,466,466,466,9
openthread,2020-10-26,467,1,467,467,467,9
openthread,2020-10-27,468,1,468,468,468,11
openthread,2020-10-28,469,1,469,469,469,11
openthread,2020-10-29,470,1,470,470,470,8
openthread,2020-10-30,471,1,471,471,471,8
openthread,2020-11-02,472,1,472,472,472,5
openthread,2020-11-03,473,1,473,473,473,8
openthread,2020-11-04,474,1,474,474,474,7
openthread,2020-11-05,475,1,475,475,475,6
openthread,2020-11-08,476,1,476,476,476,3
openthread,2020-11-09,477,1,477,477,477,2
openthread,2020-11-10,478,1,478,478,478,4
openthread,2020-11-11,479,1,479,479,479,2
openthread,2020-11-12,480,1,480,480,480,3
openthread,2020-11-13,481,1,481,481,481,1
openthread,2020-11-16,482,1,482,482,482,4
openthread,2020-11-17,483,1,483,483,483,9
openthread,2020-11-18,484,1,484,484,484,1
openthread,2020-11-19,485,1,485,485,485,2
openthread,2020-11-21,486,1,486,486,486,3
openthread,2020-11-23,487,1,487,487,487,2
openthread,2020-11-24,488,1,488,488,488,7
openthread,2020-11-25,489,1,489,489,489,7
openthread,2020-11-26,490,1,490,490,490,6
openthread,2020-11-27,491,1,491,491,491,7
openthread,2020-11-30,492,1,492,492,492,10
openthread,2020-12-01,493,1,493,493,493,6
openthread,2020-12-02,494,1,494,494,494,11
openthread,2020-12-03,495,1,495,495,495,9
openthread,2020-12-04,496,1,496,496,496,2
openthread,2020-12-07,497,1,497,497,497,7
openthread,2020-12-08,498,1,498,498,498,5
openthread,2020-12-09,499,1,499,499,499,3
openthread,2020-12-10,500,1,500,500,500,14
openthread,2020-12-11,501,1,501,501,501,6
openthread,2020-12-12,502,1,502,502,502,4
openthread,2020-12-13,503,1,503,503,503,1
openthread,2020-12-14,504,1,504,504,504,9
openthread,2020-12-15,505,1,505,505,505,4
openthread,2020-12-16,506,1,506,506,506,3
openthread,2020-12-17,507,1,507,507,507,7
openthread,2020-12-18,508,1,508,508,508,3
openthread,2020-12-19,509,1,509,509,509,4
openthread,2020-12-20,510,1,510,510,510,1
openthread,2020-12-21,511,1,511,511,511,8
openthread,2020-12-22,512,1,512,512,512,2
openthread,2020-12-23,513,1,513,513,513,8
openthread,2020-12-24,514,1,514,514,514,2
openthread,2020-12-28,515,1,515,515,515,2
openthread,2020-12-30,516,1,516,516,516,4
openthread,2021-01-04,517,1,517,517,517,1
openthread,2021-01-05,518,1,518,518,518,6
openthread,2021-01-06,519,1,519,519,519,2
openthread,2021-01-07,520,1,520,520,520,2
openthread,2021-01-08,521,1,521,521,521,4
openthread,2021-01-09,522,1,522,522,522,2
openthread,2021-01-10,523,1,523,523,523,3
openthread,2021-01-11,524,1,524,524,524,2
openthread,2021-01-12,525,1,525,525,525,2
openthread,2021-01-14,526,1,526,526,526,4
openthread,2021-01-15,527,1,527,527,527,4
openthread,2021-01-17,528,1,528,528,528,4
openthread,2021-01-19,529,1,529,529,529,5
openthread,2021-01-20,530,1,530,530,530,5
openthread,2021-01-21,531,1,531,531,531,5
openthread,2021-01-22,532,1,532,532,532,8
openthread,2021-01-23,533,1,533,533,533,2
openthread,2021-01-25,534,1,534,534,534,2
openthread,2021-01-26,535,1,535,535,535,3
openthread,2021-01-27,536,1,536,536,536,2
openthread,2021-01-28,537,1,537,537,537,3
openthread,2021-01-29,538,1,538,538,538,5
openthread,2021-02-02,539,1,539,539,539,2
openthread,2021-02-03,540,1,540,540,540,2
openthread,2021-02-04,541,1,541,541,541,4
openthread,2021-02-05,542,1,542,542,542,6
openthread,2021-02-06,543,1,543,543,543,1
openthread,2021-02-08,544,1,544,544,544,4
openthread,2021-02-09,545,1,545,545,545,2
openthread,2021-02-10,546,1,546,546,546,4
openthread,2021-02-11,547,1,547,547,547,1
openthread,2021-02-12,548,1,548,548,548,4
openthread,2021-02-16,549,1,549,549,549,4
openthread,2021-02-17,550,1,550,550,550,4
openthread,2021-02-18,551,1,551,551,551,5
openthread,2021-02-19,552,1,552,552,552,6
openthread,2021-02-20,553,1,553,553,553,1
openthread,2021-02-22,554,1,554,554,554,1
openthread,2021-02-23,555,1,555,555,555,6
openthread,2021-02-24,556,1,556,556,556,1
openthread,2021-02-25,557,1,557,557,557,6
openthread,2021-02-26,558,1,558,558,558,6
openthread,2021-03-01,559,1,559,559,559,3
openthread,2021-03-02,560,1,560,560,560,2
openthread,2021-03-03,561,1,561,561,561,5
openthread,2021-03-04,562,1,562,562,562,7
openthread,2021-03-08,563,1,563,563,563,7
openthread,2021-03-10,564,1,564,564,564,2
openthread,2021-03-12,565,1,565,565,565,3
openthread,2021-03-15,566,1,566,566,566,4
openthread,2021-03-16,567,1,567,567,567,14
openthread,2021-03-17,568,1,568,568,568,5
openthread,2021-03-18,569,1,569,569,569,5
openthread,2021-03-19,570,1,570,570,570,5
openthread,2021-03-20,571,1,571,571,571,1
openthread,2021-03-21,572,1,572,572,572,1
openthread,2021-03-22,573,1,573,573,573,5
openthread,2021-03-23,574,1,574,574,574,4
openthread,2021-03-24,575,1,575,575,575,5
openthread,2021-03-25,576,1,576,576,576,3
openthread,2021-03-26,577,1,577,577,577,5
openthread,2021-03-29,578,1,578,578,578,2
openthread,2021-03-30,579,1,579,579,579,3
openthread,2021-03-31,580,1,580,580,580,5
openthread,2021-04-01,581,1,581,581,581,6
openthread,2021-04-02,582,1,582,582,582,7
openthread,2021-04-03,583,1,583,583,583,2
openthread,2021-04-05,584,1,584,584,584,3
openthread,2021-04-06,585,1,585,585,585,4
openthread,2021-04-07,586,1,586,586,586,4
openthread,2021-04-08,587,1,587,587,587,2
openthread,2021-04-09,588,1,588,588,588,4
openthread,2021-04-10,589,1,589,589,589,4
openthread,2021-04-12,590,1,590,590,590,2
openthread,2021-04-13,591,1,591,591,591,7
openthread,2021-04-14,592,1,592,592,592,10
openthread,2021-04-15,593,1,593,593,593,6
openthread,2021-04-16,594,1,594,594,594,5
openthread,2021-04-19,595,1,595,595,595,6
openthread,2021-04-20,596,1,596,596,596,7
openthread,2021-04-21,597,1,597,597,597,1
openthread,2021-04-22,598,1,598,598,598,6
openthread,2021-04-23,599,1,599,599,599,5
openthread,2021-04-26,600,1,600,600,600,9
openthread,2021-04-28,601,1,601,601,601,7
openthread,2021-04-29,602,1,602,602,602,7
openthread,2021-04-30,603,1,603,603,603,2
openthread,2021-05-01,604,1,604,604,604,2
openthread,2021-05-04,605,1,605,605,605,7
openthread,2021-05-05,606,1,606,606,606,2
openthread,2021-05-06,607,1,607,607,607,8
openthread,2021-05-07,608,1,608,608,608,5
openthread,2021-05-08,609,1,609,609,609,4
openthread,2021-05-09,610,1,610,610,610,2
openthread,2021-05-10,611,1,611,611,611,1
openthread,2021-05-11,612,1,612,612,612,13
openthread,2021-05-12,613,1,613,613,613,8
openthread,2021-05-13,614,1,614,614,614,6
openthread,2021-05-15,615,1,615,615,615,2
openthread,2021-05-17,616,1,616,616,616,1
openthread,2021-05-18,617,1,617,617,617,4
openthread,2021-05-19,618,1,618,618,618,2
openthread,2021-05-20,619,1,619,619,619,5
openthread,2021-05-21,620,1,620,620,620,11
openthread,2021-05-24,621,1,621,621,621,2
openthread,2021-05-25,622,1,622,622,622,3
openthread,2021-05-26,623,1,623,623,623,8
openthread,2021-05-27,624,1,624,624,624,2
openthread,2021-06-01,625,1,625,625,625,6
openthread,2021-06-02,626,1,626,626,626,2
openthread,2021-06-03,627,1,627,627,627,1
openthread,2021-06-04,628,1,628,628,628,2
openthread,2021-06-07,629,1,629,629,629,2
openthread,2021-06-08,630,1,630,630,630,4
openthread,2021-06-09,631,1,631,631,631,1
openthread,2021-06-10,632,1,632,632,632,3
openthread,2021-06-11,633,1,633,633,633,1
openthread,2021-06-14,634,1,634,634,634,3
openthread,2021-06-15,635,1,635,635,635,4
openthread,2021-06-16,636,1,636,636,636,6
openthread,2021-06-17,637,1,637,637,637,7
openthread,2021-06-18,638,1,638,638,638,3
openthread,2021-06-22,639,1,639,639,639,5
openthread,2021-06-23,640,1,640,640,640,1
openthread,2021-06-24,641,1,641,641,641,5
openthread,2021-06-25,642,1,642,642,642,3
openthread,2021-06-28,643,1,643,643,643,3
openthread,2021-06-29,644,1,644,644,644,1
openthread,2021-07-01,645,1,645,645,645,4
openthread,2021-07-02,646,1,646,646,646,3
openthread,2021-07-06,647,1,647,647,647,3
openthread,2021-07-07,648,1,648,648,648,5
openthread,2021-07-08,649,1,649,649,649,5
openthread,2021-07-09,650,1,650,650,650,1
openthread,2021-07-12,651,1,651,651,651,3
openthread,2021-07-13,652,1,652,652,652,6
openthread,2021-07-14,653,1,653,653,653,4
openthread,2021-07-15,654,1,654,654,654,3
openthread,2021-07-16,655,1,655,655,655,2
openthread,2021-07-19,656,1,656,656,656,3
openthread,2021-07-20,657,1,657,657,657,3
openthread,2021-07-21,658,1,658,658,658,4
openthread,2021-07-22,659,1,659,659,659,3
openthread,2021-07-24,660,1,660,660,660,2
openthread,2021-07-27,661,1,661,661,661,4
openthread,2021-07-28,662,1,662,662,662,7
openthread,2021-07-29,663,1,663,663,663,5
openthread,2021-07-30,664,1,664,664,664,1
openthread,2021-07-31,665,1,665,665,665,3
openthread,2021-08-03,666,1,666,666,666,4
openthread,2021-08-04,667,1,667,667,667,1
openthread,2021-08-05,668,1,668,668,668,4
openthread,2021-08-06,669,1,669,669,669,5
openthread,2021-08-07,670,1,670,670,670,1
openthread,2021-08-09,671,1,671,671,671,3
openthread,2021-08-10,672,1,672,672,672,3
openthread,2021-08-11,673,1,673,673,673,12
openthread,2021-08-12,674,1,674,674,674,11
openthread,2021-08-13,675,1,675,675,675,2
openthread,2021-08-16,676,1,676,676,676,2
openthread,2021-08-17,677,1,677,677,677,6
openthread,2021-08-19,678,1,678,678,678,2
openthread,2021-08-20,679,1,679,679,679,4
openthread,2021-08-23,680,1,680,680,680,2
openthread,2021-08-24,681,1,681,681,681,6
openthread,2021-08-25,682,1,682,682,682,1
openthread,2021-08-26,683,1,683,683,683,4
openthread,2021-08-27,684,1,684,684,684,2
openthread,2021-08-31,685,1,685,685,685,2
openthread,2021-09-02,686,1,686,686,686,5
openthread,2021-09-04,687,1,687,687,687,1
openthread,2021-09-08,688,1,688,688,688,2
openthread,2021-09-09,689,1,689,689,689,5
openthread,2021-09-10,690,1,690,690,690,5
openthread,2021-09-13,691,1,691,691,691,1
openthread,2021-09-14,692,1,692,692,692,2
openthread,2021-09-16,693,1,693,693,693,4
openthread,2021-09-17,694,1,694,694,694,4
openthread,2021-09-18,695,1,695,695,695,2
openthread,2021-09-20,696,1,696,696,696,3
openthread,2021-09-21,697,1,697,697,697,4
openthread,2021-09-22,698,1,698,698,698,3
openthread,2021-09-23,699,1,699,699,699,3
openthread,2021-09-24,700,1,700,700,700,1
openthread,2021-09-25,701,1,701,701,701,1
openthread,2021-09-27,702,1,702,702,702,5
openthread,2021-09-28,703,1,703,703,703,4
openthread,2021-09-29,704,1,704,704,704,1
openthread,2021-09-30,705,1,705,705,705,5
openthread,2021-10-01,706,1,706,706,706,1
openthread,2021-10-05,707,1,707,707,707,2
openthread,2021-10-08,708,1,708,708,708,2
openthread,2021-10-12,709,1,709,709,709,2
openthread,2021-10-13,710,1,710,710,710,3
openthread,2021-10-14,711,1,711,711,711,1
openthread,2021-10-18,712,1,712,712,712,3
openthread,2021-10-20,713,1,713,713,713,5
openthread,2021-10-21,714,1,714,714,714,5
openthread,2021-10-22,715,1,715,715,715,2
openthread,2021-10-25,716,1,716,716,716,6
openthread,2021-10-26,717,1,717,717,717,1
openthread,2021-10-27,718,1,718,718,718,3
openthread,2021-10-28,719,1,719,719,719,4
openthread,2021-10-29,720,1,720,720,720,5
openthread,2021-11-01,721,1,721,721,721,4
openthread,2021-11-03,722,1,722,722,722,2
openthread,2021-11-04,723,1,723,723,723,2
openthread,2021-11-05,724,1,724,724,724,3
openthread,2021-11-08,725,1,725,725,725,4
openthread,2021-11-09,726,1,726,726,726,5
openthread,2021-11-10,727,1,727,727,727,3
openthread,2021-11-11,728,1,728,728,728,1
openthread,2021-11-12,729,1,729,729,729,6
openthread,2021-11-15,730,1,730,730,730,3
openthread,2021-11-16,731,1,731,731,731,5
openthread,2021-11-17,732,1,732,732,732,3
openthread,2021-11-18,733,1,733,733,733,1
openthread,2021-11-19,734,1,734,734,734,6
openthread,2021-11-23,735,1,735,735,735,7
openthread,2021-11-24,736,1,736,736,736,5
openthread,2021-11-25,737,1,737,737,737,3
openthread,2021-11-27,738,1,738,738,738,4
openthread,2021-11-29,739,1,739,739,739,2
openthread,2021-11-30,740,1,740,740,740,4
openthread,2021-12-01,741,1,741,741,741,2
openthread,2021-12-03,742,1,742,742,742,2
openthread,2021-12-07,743,1,743,743,743,2
openthread,2021-12-08,744,1,744,744,744,1
openthread,2021-12-09,745,1,745,745,745,1
openthread,2021-12-13,746,1,746,746,746,2
openthread,2021-12-14,747,1,747,747,747,2
openthread,2021-12-15,748,1,748,748,748,1
openthread,2021-12-18,749,1,749,749,749,1
openthread,2021-12-22,750,1,750,750,750,4
openthread,2021-12-23,751,1,751,751,751,6
openthread,2021-12-24,752,1,752,752,752,2
openthread,2021-12-27,753,1,753,753,753,1
openthread,2021-12-28,754,1,754,754,754,2
openthread,2021-12-29,755,1,755,755,755,2
openthread,2021-12-30,756,1,756,756,756,6
openthread,2021-12-31,757,1,757,757,757,4
openthread,2022-01-03,758,1,758,758,758,2
openthread,2022-01-04,759,1,759,759,759,2
openthread,2022-01-05,760,1,760,760,760,6
openthread,2022-01-06,761,1,761,761,761,3
openthread,2022-01-07,762,1,762,762,762,2
openthread,2022-01-10,763,1,763,763,763,6
openthread,2022-01-11,764,1,764,764,764,2
openthread,2022-01-12,765,1,765,765,765,4
openthread,2022-01-13,766,1,766,766,766,5
openthread,2022-01-14,767,1,767,767,767,2
openthread,2022-01-15,768,1,768,768,768,1
openthread,2022-01-16,769,1,769,769,769,1
openthread,2022-01-18,770,1,770,770,770,4
openthread,2022-01-19,771,1,771,771,771,5
openthread,2022-01-20,772,1,772,772,772,4
openthread,2022-01-21,773,1,773,773,773,2
openthread,2022-01-24,774,1,774,774,774,9
openthread,2022-01-25,775,1,775,775,775,2
openthread,2022-01-26,776,1,776,776,776,2
openthread,2022-01-27,777,1,777,777,777,5
openthread,2022-01-28,778,1,778,778,778,12
openthread,2022-01-29,779,1,779,779,779,1
openthread,2022-01-31,780,1,780,780,780,3
openthread,2022-02-01,781,1,781,781,781,3
openthread,2022-02-02,782,1,782,782,782,1
openthread,2022-02-04,783,1,783,783,783,1
openthread,2022-02-07,784,1,784,784,784,1
openthread,2022-02-08,785,1,785,785,785,4
openthread,2022-02-09,786,1,786,786,786,2
openthread,2022-02-10,787,1,787,787,787,3
openthread,2022-02-11,788,1,788,788,788,1
openthread,2022-02-14,789,1,789,789,789,2
openthread,2022-02-15,790,1,790,790,790,1
openthread,2022-02-16,791,1,791,791,791,4
openthread,2022-02-17,792,1,792,792,792,2
openthread,2022-02-18,793,1,793,793,793,1
openthread,2022-02-19,794,1,794,794,794,1
openthread,2022-02-22,795,1,795,795,795,3
openthread,2022-02-24,796,1,796,796,796,1
openthread,2022-02-25,797,1,797,797,797,1
openthread,2022-02-26,798,1,798,798,798,1
openthread,2022-02-28,799,1,799,799,799,6
openthread,2022-03-02,800,1,800,800,800,1
openthread,2022-03-03,801,1,801,801,801,1
openthread,2022-03-07,802,1,802,802,802,1
openthread,2022-03-08,803,1,803,803,803,2
openthread,2022-03-09,804,1,804,804,804,9
openthread,2022-03-10,805,1,805,805,805,4
openthread,2022-03-14,806,1,806,806,806,5
openthread,2022-03-15,807,1,807,807,807,2
openthread,2022-03-17,808,1,808,808,808,1
openthread,2022-03-18,809,1,809,809,809,4
openthread,2022-03-21,810,1,810,810,810,2
openthread,2022-03-22,811,1,811,811,811,3
openthread,2022-03-23,812,1,812,812,812,5
openthread,2022-03-24,813,1,813,813,813,3
openthread,2022-03-25,814,1,814,814,814,5
openthread,2022-03-28,815,1,815,815,815,3
openthread,2022-03-29,816,1,816,816,816,2
openthread,2022-03-30,817,1,817,817,817,4
openthread,2022-03-31,818,1,818,818,818,1
openthread,2022-04-01,819,1,819,819,819,6
openthread,2022-04-04,820,1,820,820,820,2
openthread,2022-04-05,821,1,821,821,821,1
openthread,2022-04-06,822,1,822,822,822,3
openthread,2022-04-07,823,1,823,823,823,7
openthread,2022-04-08,824,1,824,824,824,1
openthread,2022-04-11,825,1,825,825,825,3
openthread,2022-04-12,826,1,826,826,826,6
openthread,2022-04-14,827,1,827,827,827,3
openthread,2022-04-15,828,1,828,828,828,3
openthread,2022-04-18,829,1,829,829,829,4
openthread,2022-04-19,830,1,830,830,830,3
openthread,2022-04-20,831,1,831,831,831,2
openthread,2022-04-22,832,1,832,832,832,6
openthread,2022-04-25,833,1,833,833,833,5
openthread,2022-05-02,834,1,834,834,834,8
openthread,2022-05-05,835,1,835,835,835,4
openthread,2022-05-06,836,1,836,836,836,3
openthread,2022-05-09,837,1,837,837,837,4
openthread,2022-05-10,838,1,838,838,838,5
openthread,2022-05-11,839,1,839,839,839,3
openthread,2022-05-12,840,1,840,840,840,6
openthread,2022-05-13,841,1,841,841,841,3
openthread,2022-05-17,842,1,842,842,842,8
openthread,2022-05-18,843,1,843,843,843,4
openthread,2022-05-19,844,1,844,844,844,3
openthread,2022-05-20,845,1,845,845,845,6
openthread,2022-05-23,846,1,846,846,846,6
openthread,2022-05-24,847,1,847,847,847,1
openthread,2022-05-25,848,1,848,848,848,3
openthread,2022-05-26,849,1,849,849,849,5
openthread,2022-05-27,850,1,850,850,850,4
openthread,2022-05-31,851,1,851,851,851,1
openthread,2022-06-01,852,1,852,852,852,5
openthread,2022-06-02,853,1,853,853,853,4
openthread,2022-06-03,854,1,854,854,854,3
openthread,2022-06-06,855,1,855,855,855,2
openthread,2022-06-07,856,1,856,856,856,1
openthread,2022-06-08,857,1,857,857,857,2
openthread,2022-06-13,858,1,858,858,858,4
openthread,2022-06-14,859,1,859,859,859,1
openthread,2022-06-15,860,1,860,860,860,3
openthread,2022-06-17,861,1,861,861,861,5
openthread,2022-06-21,862,1,862,862,862,3
openthread,2022-06-22,863,1,863,863,863,3
openthread,2022-06-23,864,1,864,864,864,1
openthread,2022-06-24,865,1,865,865,865,4
openthread,2022-06-28,866,1,866,866,866,6
openthread,2022-06-29,867,1,867,867,867,3
openthread,2022-06-30,868,1,868,868,868,6
openthread,2022-07-06,869,1,869,869,869,2
openthread,2022-07-07,870,1,870,870,870,6
openthread,2022-07-08,871,1,871,871,871,3
openthread,2022-07-11,872,1,872,872,872,4
openthread,2022-07-12,873,1,873,873,873,2
openthread,2022-07-13,874,1,874,874,874,1
openthread,2022-07-14,875,1,875,875,875,2
openthread,2022-07-15,876,1,876,876,876,2
openthread,2022-07-16,877,1,877,877,877,1
openthread,2022-07-17,878,1,878,878,878,1
openthread,2022-07-18,879,1,879,879,879,3
openthread,2022-07-19,880,1,880,880,880,4
openthread,2022-07-20,881,1,881,881,881,4
openthread,2022-07-21,882,1,882,882,882,3
openthread,2022-07-22,883,1,883,883,883,6
openthread,2022-07-26,884,1,884,884,884,5
openthread,2022-07-27,885,1,885,885,885,4
openthread,2022-07-28,886,1,886,886,886,3
openthread,2022-07-29,887,1,887,887,887,1
openthread,2022-08-01,888,1,888,888,888,1
openthread,2022-08-02,889,1,889,889,889,5
openthread,2022-08-04,890,1,890,890,890,2
openthread,2022-08-05,891,1,891,891,891,3
openthread,2022-08-06,892,1,892,892,892,1
openthread,2022-08-08,893,1,893,893,893,7
openthread,2022-08-09,894,1,894,894,894,3
openthread,2022-08-10,895,1,895,895,895,5
openthread,2022-08-11,896,1,896,896,896,7
openthread,2022-08-12,897,1,897,897,897,8
openthread,2022-08-16,898,1,898,898,898,9
openthread,2022-08-17,899,1,899,899,899,5
openthread,2022-08-18,900,1,900,900,900,3
openthread,2022-08-19,901,1,901,901,901,8
openthread,2022-08-20,902,1,902,902,902,1
openthread,2022-08-22,903,1,903,903,903,6
openthread,2022-08-23,904,1,904,904,904,10
openthread,2022-08-24,905,1,905,905,905,4
openthread,2022-08-25,906,1,906,906,906,8
openthread,2022-08-26,907,1,907,907,907,1
openthread,2022-08-29,908,1,908,908,908,1
openthread,2022-08-30,909,1,909,909,909,4
openthread,2022-08-31,910,1,910,910,910,1
openthread,2022-09-01,911,1,911,911,911,4
openthread,2022-09-06,912,1,912,912,912,7
openthread,2022-09-09,913,1,913,913,913,2
openthread,2022-09-10,914,1,914,914,914,1
openthread,2022-09-12,915,1,915,915,915,1
openthread,2022-09-13,916,1,916,916,916,7
openthread,2022-09-14,917,1,917,917,917,3
openthread,2022-09-15,918,1,918,918,918,5
openthread,2022-09-16,919,1,919,919,919,3
openthread,2022-09-19,920,1,920,920,920,6
openthread,2022-09-20,921,1,921,921,921,1
openthread,2022-09-21,922,1,922,922,922,5
openthread,2022-09-22,923,1,923,923,923,3
openthread,2022-09-23,924,1,924,924,924,5
openthread,2022-09-26,925,1,925,925,925,1
openthread,2022-09-27,926,1,926,926,926,3
openthread,2022-09-28,927,1,927,927,927,2
openthread,2022-09-29,928,1,928,928,928,4
openthread,2022-09-30,929,1,929,929,929,6
openthread,2022-10-03,930,1,930,930,930,1
openthread,2022-10-04,931,1,931,931,931,1
openthread,2022-10-05,932,1,932,932,932,1
openthread,2022-10-06,933,1,933,933,933,4
openthread,2022-10-07,934,1,934,934,934,3
openthread,2022-10-08,935,1,935,935,935,2
openthread,2022-10-10,936,1,936,936,936,4
openthread,2022-10-11,937,1,937,937,937,6
openthread,2022-10-12,938,1,938,938,938,6
openthread,2022-10-13,939,1,939,939,939,4
openthread,2022-10-14,940,1,940,940,940,2
openthread,2022-10-17,941,1,941,941,941,3
openthread,2022-10-18,942,1,942,942,942,6
openthread,2022-10-19,943,1,943,943,943,1
openthread,2022-10-20,944,1,944,944,944,1
openthread,2022-10-21,945,1,945,945,945,4
openthread,2022-10-22,946,1,946,946,946,3
openthread,2022-10-24,947,1,947,947,947,2
openthread,2022-10-25,948,1,948,948,948,1
openthread,2022-10-26,949,1,949,949,949,2
openthread,2022-10-27,950,1,950,950,950,4
openthread,2022-10-28,951,1,951,951,951,2
openthread,2022-11-01,952,1,952,952,952,2
openthread,2022-11-02,953,1,953,953,953,3
openthread,2022-11-03,954,1,954,954,954,2
openthread,2022-11-04,955,1,955,955,955,6
openthread,2022-11-07,956,1,956,956,956,4
openthread,2022-11-08,957,1,957,957,957,5
openthread,2022-11-09,958,1,958,958,958,2
openthread,2022-11-10,959,1,959,959,959,1
openthread,2022-11-12,960,1,960,960,960,2
openthread,2022-11-15,961,1,961,961,961,1
openthread,2022-11-16,962,1,962,962,962,1
openthread,2022-11-17,963,1,963,963,963,4
openthread,2022-11-18,964,1,964,964,964,3
openthread,2022-11-19,965,1,965,965,965,1
openthread,2022-11-21,966,1,966,966,966,1
openthread,2022-11-22,967,1,967,967,967,9
openthread,2022-11-23,968,1,968,968,968,5
openthread,2022-11-24,969,1,969,969,969,1
openthread,2022-11-28,970,1,970,970,970,2
openthread,2022-11-29,971,1,971,971,971,7
openthread,2022-11-30,972,1,972,972,972,1
openthread,2022-12-02,973,1,973,973,973,3
openthread,2022-12-05,974,1,974,974,974,2
openthread,2022-12-06,975,1,975,975,975,3
openthread,2022-12-07,976,1,976,976,976,4
openthread,2022-12-08,977,1,977,977,977,8
openthread,2022-12-09,978,1,978,978,978,4
openthread,2022-12-10,979,1,979,979,979,4
openthread,2022-12-11,980,1,980,980,980,1
openthread,2022-12-13,981,1,981,981,981,3
openthread,2022-12-14,982,1,982,982,982,3
openthread,2022-12-16,983,1,983,983,983,7
openthread,2022-12-19,984,1,984,984,984,13
openthread,2022-12-20,985,1,985,985,985,2
openthread,2022-12-21,986,1,986,986,986,4
openthread,2022-12-22,987,1,987,987,987,11
openthread,2022-12-23,988,1,988,988,988,2
openthread,2022-12-29,989,1,989,989,989,2
openthread,2022-12-30,990,1,990,990,990,3
openthread,2023-01-03,991,1,991,991,991,1
openthread,2023-01-04,992,1,992,992,992,6
openthread,2023-01-05,993,1,993,993,993,1
openthread,2023-01-06,994,1,994,994,994,3
openthread,2023-01-09,995,1,995,995,995,2
openthread,2023-01-10,996,1,996,996,996,8
openthread,2023-01-11,997,1,997,997,997,3
openthread,2023-01-12,998,1,998,998,998,3
openthread,2023-01-13,999,1,999,999,999,2
openthread,2023-01-17,1000,1,1000,1000,1000,5
openthread,2023-01-18,1001,1,1001,1001,1001,4
openthread,2023-01-19,1002,1,1002,1002,1002,2
openthread,2023-01-20,1003,1,1003,1003,1003,1
openthread,2023-01-23,1004,1,1004,1004,1004,3
openthread,2023-01-25,1005,1,1005,1005,1005,2
openthread,2023-01-26,1006,1,1006,1006,1006,3
openthread,2023-01-30,1007,1,1007,1007,1007,2
openthread,2023-02-01,1008,1,1008,1008,1008,4
openthread,2023-02-02,1009,1,1009,1009,1009,3
openthread,2023-02-03,1010,1,1010,1010,1010,2
openthread,2023-02-04,1011,1,1011,1011,1011,2
openthread,2023-02-05,1012,1,1012,1012,1012,1
openthread,2023-02-06,1013,1,1013,1013,1013,2
openthread,2023-02-07,1014,1,1014,1014,1014,3
openthread,2023-02-08,1015,1,1015,1015,1015,2
openthread,2023-02-09,1016,1,1016,1016,1016,3
openthread,2023-02-10,1017,1,1017,1017,1017,2
openthread,2023-02-13,1018,1,1018,1018,1018,5
openthread,2023-02-14,1019,1,1019,1019,1019,4
openthread,2023-02-15,1020,1,1020,1020,1020,3
openthread,2023-02-16,1021,1,1021,1021,1021,3
openthread,2023-02-17,1022,1,1022,1022,1022,1
openthread,2023-02-18,1023,1,1023,1023,1023,1
openthread,2023-02-21,1024,1,1024,1024,1024,4
openthread,2023-02-22,1025,1,1025,1025,1025,4
openthread,2023-02-23,1026,1,1026,1026,1026,1
openthread,2023-02-24,1027,1,1027,1027,1027,2
openthread,2023-02-27,1028,1,1028,1028,1028,5
openthread,2023-02-28,1029,1,1029,1029,1029,7
openthread,2023-03-01,1030,1,1030,1030,1030,1
openthread,2023-03-02,1031,1,1031,1031,1031,4
openthread,2023-03-06,1032,1,1032,1032,1032,2
openthread,2023-03-07,1033,1,1033,1033,1033,5
openthread,2023-03-08,1034,1,1034,1034,1034,3
openthread,2023-03-09,1035,1,1035,1035,1035,3
openthread,2023-03-10,1036,1,1036,1036,1036,2
openthread,2023-03-11,1037,1,1037,1037,1037,1
openthread,2023-03-13,1038,1,1038,1038,1038,4
openthread,2023-03-14,1039,1,1039,1039,1039,2
openthread,2023-03-16,1040,1,1040,1040,1040,4
openthread,2023-03-17,1041,1,1041,1041,1041,2
openthread,2023-03-18,1042,1,1042,1042,1042,1
openthread,2023-03-19,1043,1,1043,1043,1043,2
openthread,2023-03-21,1044,1,1044,1044,1044,1
openthread,2023-03-22,1045,1,1045,1045,1045,5
openthread,2023-03-23,1046,1,1046,1046,1046,2
openthread,2023-03-24,1047,1,1047,1047,1047,2
openthread,2023-03-25,1048,1,1048,1048,1048,2
openthread,2023-03-27,1049,1,1049,1049,1049,1
openthread,2023-03-28,1050,1,1050,1050,1050,3
openthread,2023-03-29,1051,1,1051,1051,1051,2
openthread,2023-03-30,1052,1,1052,1052,1052,4
openthread,2023-04-03,1053,1,1053,1053,1053,5
openthread,2023-04-04,1054,1,1054,1054,1054,1
openthread,2023-04-05,1055,1,1055,1055,1055,3
openthread,2023-04-06,1056,1,1056,1056,1056,4
openthread,2023-04-07,1057,1,1057,1057,1057,3
openthread,2023-04-11,1058,1,1058,1058,1058,2
openthread,2023-04-12,1059,1,1059,1059,1059,3
openthread,2023-04-14,1060,1,1060,1060,1060,3
openthread,2023-04-17,1061,1,1061,1061,1061,3
openthread,2023-04-19,1062,1,1062,1062,1062,1
openthread,2023-04-20,1063,1,1063,1063,1063,1
openthread,2023-04-21,1064,1,1064,1064,1064,3
openthread,2023-04-24,1065,1,1065,1065,1065,1
openthread,2023-04-26,1066,1,1066,1066,1066,3
openthread,2023-04-28,1067,1,1067,1067,1067,4
openthread,2023-04-29,1068,1,1068,1068,1068,2
openthread,2023-05-01,1069,1,1069,1069,1069,1
openthread,2023-05-02,1070,1,1070,1070,1070,3
openthread,2023-05-03,1071,1,1071,1071,1071,2
openthread,2023-05-04,1072,1,1072,1072,1072,4
openthread,2023-05-05,1073,1,1073,1073,1073,3
openthread,2023-05-08,1074,1,1074,1074,1074,2
openthread,2023-05-09,1075,1,1075,1075,1075,7
openthread,2023-05-10,1076,1,1076,1076,1076,2
openthread,2023-05-11,1077,1,1077,1077,1077,3
openthread,2023-05-12,1078,1,1078,1078,1078,3
openthread,2023-05-15,1079,1,1079,1079,1079,3
openthread,2023-05-17,1080,1,1080,1080,1080,6
openthread,2023-05-18,1081,1,1081,1081,1081,5
openthread,2023-05-19,1082,1,1082,1082,1082,1
openthread,2023-05-22,1083,1,1083,1083,1083,2
openthread,2023-05-23,1084,1,1084,1084,1084,3
openthread,2023-05-24,1085,1,1085,1085,1085,1
openthread,2023-05-26,1086,1,1086,1086,1086,3
openthread,2023-05-29,1087,1,1087,1087,1087,4
openthread,2023-05-30,1088,1,1088,1088,1088,3
openthread,2023-05-31,1089,1,1089,1089,1089,4
openthread,2023-06-01,1090,1,1090,1090,1090,2
openthread,2023-06-02,1091,1,1091,1091,1091,2
openthread,2023-06-05,1092,1,1092,1092,1092,6
openthread,2023-06-06,1093,1,1093,1093,1093,2
openthread,2023-06-07,1094,1,1094,1094,1094,6
openthread,2023-06-08,1095,1,1095,1095,1095,1
openthread,2023-06-09,1096,1,1096,1096,1096,7
openthread,2023-06-12,1097,1,1097,1097,1097,4
openthread,2023-06-13,1098,1,1098,1098,1098,4
openthread,2023-06-14,1099,1,1099,1099,1099,5
openthread,2023-06-15,1100,1,1100,1100,1100,1
openthread,2023-06-16,1101,1,1101,1101,1101,2
openthread,2023-06-19,1102,1,1102,1102,1102,1
openthread,2023-06-21,1103,1,1103,1103,1103,4
openthread,2023-06-22,1104,1,1104,1104,1104,3
openthread,2023-06-24,1105,1,1105,1105,1105,1
openthread,2023-06-26,1106,1,1106,1106,1106,2
openthread,2023-06-27,1107,1,1107,1107,1107,6
openthread,2023-06-28,1108,1,1108,1108,1108,2
openthread,2023-06-29,1109,1,1109,1109,1109,3
openthread,2023-06-30,1110,1,1110,1110,1110,5
openthread,2023-07-01,1111,1,1111,1111,1111,5
openthread,2023-07-03,1112,1,1112,1112,1112,2
openthread,2023-07-05,1113,1,1113,1113,1113,5
openthread,2023-07-07,1114,1,1114,1114,1114,2
openthread,2023-07-10,1115,1,1115,1115,1115,5
openthread,2023-07-11,1116,1,1116,1116,1116,2
openthread,2023-07-12,1117,1,1117,1117,1117,5
openthread,2023-07-13,1118,1,1118,1118,1118,1
openthread,2023-07-17,1119,1,1119,1119,1119,3
openthread,2023-07-18,1120,1,1120,1120,1120,4
openthread,2023-07-19,1121,1,1121,1121,1121,6
openthread,2023-07-20,1122,1,1122,1122,1122,1
openthread,2023-07-21,1123,1,1123,1123,1123,2
openthread,2023-07-22,1124,1,1124,1124,1124,1
openthread,2023-07-24,1125,1,1125,1125,1125,3
openthread,2023-07-25,1126,1,1126,1126,1126,1
openthread,2023-07-26,1127,1,1127,1127,1127,1
openthread,2023-07-28,1128,1,1128,1128,1128,2
openthread,2023-07-31,1129,1,1129,1129,1129,5
openthread,2023-08-01,1130,1,1130,1130,1130,2
openthread,2023-08-03,1131,1,1131,1131,1131,2
openthread,2023-08-04,1132,1,1132,1132,1132,1
openthread,2023-08-13,1133,1,1133,1133,1133,5
openthread,2023-08-14,1134,1,1134,1134,1134,2
openthread,2023-08-15,1135,1,1135,1135,1135,4
openthread,2023-08-16,1136,1,1136,1136,1136,1
openthread,2023-08-17,1137,1,1137,1137,1137,1
openthread,2023-08-21,1138,1,1138,1138,1138,3
openthread,2023-08-23,1139,1,1139,1139,1139,2
openthread,2023-08-24,1140,1,1140,1140,1140,1
openthread,2023-08-25,1141,1,1141,1141,1141,2
openthread,2023-08-28,1142,1,1142,1142,1142,2
openthread,2023-08-29,1143,1,1143,1143,1143,2
openthread,2023-08-30,1144,1,1144,1144,1144,1
openthread,2023-08-31,1145,1,1145,1145,1145,2
openthread,2023-09-02,1146,1,1146,1146,1146,1
openthread,2023-09-05,1147,1,1147,1147,1147,2
openthread,2023-09-06,1148,1,1148,1148,1148,3
openthread,2023-09-08,1149,1,1149,1149,1149,1
openthread,2023-09-11,1150,1,1150,1150,1150,3
openthread,2023-09-12,1151,1,1151,1151,1151,2
openthread,2023-09-13,1152,1,1152,1152,1152,2
openthread,2023-09-14,1153,1,1153,1153,1153,4
openthread,2023-09-15,1154,1,1154,1154,1154,1
openthread,2023-09-18,1155,1,1155,1155,1155,4
openthread,2023-09-19,1156,1,1156,1156,1156,2
openthread,2023-09-20,1157,1,1157,1157,1157,3
openthread,2023-09-21,1158,1,1158,1158,1158,2
openthread,2023-09-22,1159,1,1159,1159,1159,1
openthread,2023-09-25,1160,1,1160,1160,1160,4
openthread,2023-09-26,1161,1,1161,1161,1161,1
openthread,2023-09-27,1162,1,1162,1162,1162,3
openthread,2023-09-28,1163,1,1163,1163,1163,4
openthread,2023-09-29,1164,1,1164,1164,1164,1
openthread,2023-10-02,1165,1,1165,1165,1165,1
openthread,2023-10-03,1166,1,1166,1166,1166,2
openthread,2023-10-04,1167,1,1167,1167,1167,4
openthread,2023-10-05,1168,1,1168,1168,1168,3
openthread,2023-10-06,1169,1,1169,1169,1169,1
openthread,2023-10-09,1170,1,1170,1170,1170,4
openthread,2023-10-10,1171,1,1171,1171,1171,6
openthread,2023-10-11,1172,1,1172,1172,1172,4
openthread,2023-10-12,1173,1,1173,1173,1173,2
openthread,2023-10-13,1174,1,1174,1174,1174,2
openthread,2023-10-14,1175,1,1175,1175,1175,2
openthread,2023-10-16,1176,1,1176,1176,1176,6
openthread,2023-10-17,1177,1,1177,1177,1177,2
openthread,2023-10-18,1178,1,1178,1178,1178,4
openthread,2023-10-19,1179,1,1179,1179,1179,3
openthread,2023-10-20,1180,1,1180,1180,1180,2
openthread,2023-10-23,1181,1,1181,1181,1181,3
openthread,2023-10-24,1182,1,1182,1182,1182,3
openthread,2023-10-25,1183,1,1183,1183,1183,3
openthread,2023-10-26,1184,1,1184,1184,1184,2
openthread,2023-10-27,1185,1,1185,1185,1185,1
openthread,2023-10-30,1186,1,1186,1186,1186,1
openthread,2023-10-31,1187,1,1187,1187,1187,2
openthread,2023-11-02,1188,1,1188,1188,1188,1
openthread,2023-11-06,1189,1,1189,1189,1189,3
openthread,2023-11-07,1190,1,1190,1190,1190,2
openthread,2023-11-09,1191,1,1191,1191,1191,3
openthread,2023-11-10,1192,1,1192,1192,1192,3
openthread,2023-11-14,1193,1,1193,1193,1193,4
openthread,2023-11-15,1194,1,1194,1194,1194,2
openthread,2023-11-16,1195,1,1195,1195,1195,4
openthread,2023-11-17,1196,1,1196,1196,1196,2
openthread,2023-11-20,1197,1,1197,1197,1197,9
openthread,2023-11-21,1198,1,1198,1198,1198,7
openthread,2023-11-23,1199,1,1199,1199,1199,1
openthread,2023-11-24,1200,1,1200,1200,1200,5
openthread,2023-11-25,1201,1,1201,1201,1201,1
openthread,2023-11-27,1202,1,1202,1202,1202,1
openthread,2023-11-28,1203,1,1203,1203,1203,6
openthread,2023-11-29,1204,1,1204,1204,1204,11
openthread,2023-11-30,1205,1,1205,1205,1205,1
openthread,2023-12-01,1206,1,1206,1206,1206,6
openthread,2023-12-04,1207,1,1207,1207,1207,7
openthread,2023-12-05,1208,1,1208,1208,1208,4
openthread,2023-12-06,1209,1,1209,1209,1209,3
openthread,2023-12-07,1210,1,1210,1210,1210,3
openthread,2023-12-08,1211,1,1211,1211,1211,2
openthread,2023-12-09,1212,1,1212,1212,1212,1
openthread,2023-12-11,1213,1,1213,1213,1213,3
openthread,2023-12-12,1214,1,1214,1214,1214,1
openthread,2023-12-13,1215,1,1215,1215,1215,6
openthread,2023-12-15,1216,1,1216,1216,1216,1
openthread,2023-12-18,1217,1,1217,1217,1217,4
openthread,2023-12-19,1218,1,1218,1218,1218,3
openthread,2023-12-20,1219,1,1219,1219,1219,5
openthread,2023-12-26,1220,1,1220,1220,1220,2
openthread,2023-12-28,1221,1,1221,1221,1221,1
openthread,2023-12-29,1222,1,1222,1222,1222,1
openthread,2024-01-04,1223,1,1223,1223,1223,1
openthread,2024-01-05,1224,1,1224,1224,1224,2
openthread,2024-01-06,1225,1,1225,1225,1225,2
openthread,2024-01-08,1226,1,1226,1226,1226,1
openthread,2024-01-09,1227,1,1227,1227,1227,1
openthread,2024-01-10,1228,1,1228,1228,1228,3
openthread,2024-01-11,1229,1,1229,1229,1229,4
openthread,2024-01-12,1230,1,1230,1230,1230,3
openthread,2024-01-17,1231,1,1231,1231,1231,3
openthread,2024-01-18,1232,1,1232,1232,1232,1
openthread,2024-01-19,1233,1,1233,1233,1233,1
openthread,2024-01-22,1234,1,1234,1234,1234,2
openthread,2024-01-23,1235,1,1235,1235,1235,3
openthread,2024-01-24,1236,1,1236,1236,1236,1
openthread,2024-01-25,1237,1,1237,1237,1237,3
openthread,2024-01-26,1238,1,1238,1238,1238,1
openthread,2024-01-27,1239,1,1239,1239,1239,1
openthread,2024-01-29,1240,1,1240,1240,1240,1
openthread,2024-01-30,1241,1,1241,1241,1241,2
openthread,2024-01-31,1242,1,1242,1242,1242,3
openthread,2024-02-01,1243,1,1243,1243,1243,3
openthread,2024-02-02,1244,1,1244,1244,1244,6
openthread,2024-02-05,1245,1,1245,1245,1245,3
openthread,2024-02-06,1246,1,1246,1246,1246,1
openthread,2024-02-07,1247,1,1247,1247,1247,3
openthread,2024-02-09,1248,1,1248,1248,1248,1
openthread,2024-02-12,1249,1,1249,1249,1249,4
openthread,2024-02-13,1250,1,1250,1250,1250,2
openthread,2024-02-14,1251,1,1251,1251,1251,2
openthread,2024-02-16,1252,1,1252,1252,1252,2
openthread,2024-02-20,1253,1,1253,1253,1253,2
openthread,2024-02-21,1254,1,1254,1254,1254,2
openthread,2024-02-22,1255,1,1255,1255,1255,2
openthread,2024-02-26,1256,1,1256,1256,1256,2
openthread,2024-02-27,1257,1,1257,1257,1257,1
openthread,2024-02-28,1258,1,1258,1258,1258,4
openthread,2024-03-01,1259,1,1259,1259,1259,1
openthread,2024-03-04,1260,1,1260,1260,1260,3
openthread,2024-03-05,1261,1,1261,1261,1261,2
openthread,2024-03-06,1262,1,1262,1262,1262,4
openthread,2024-03-08,1263,1,1263,1263,1263,4
openthread,2024-03-11,1264,1,1264,1264,1264,3
openthread,2024-03-12,1265,1,1265,1265,1265,3
openthread,2024-03-13,1266,1,1266,1266,1266,4
openthread,2024-03-14,1267,1,1267,1267,1267,6
openthread,2024-03-15,1268,1,1268,1268,1268,2
openthread,2024-03-18,1269,1,1269,1269,1269,1
openthread,2024-03-22,1270,1,1270,1270,1270,5
openthread,2024-03-25,1271,1,1271,1271,1271,7
openthread,2024-03-26,1272,1,1272,1272,1272,4
openthread,2024-03-27,1273,1,1273,1273,1273,5
openthread,2024-03-28,1274,1,1274,1274,1274,2
openthread,2024-04-01,1275,1,1275,1275,1275,1
openthread,2024-04-02,1276,1,1276,1276,1276,2
openthread,2024-04-03,1277,1,1277,1277,1277,3
openthread,2024-04-04,1278,1,1278,1278,1278,3
openthread,2024-04-05,1279,1,1279,1279,1279,4
openthread,2024-04-09,1280,1,1280,1280,1280,5
openthread,2024-04-10,1281,1,1281,1281,1281,2
openthread,2024-04-11,1282,1,1282,1282,1282,4
openthread,2024-04-12,1283,1,1283,1283,1283,2
openthread,2024-04-15,1284,1,1284,1284,1284,3
openthread,2024-04-16,1285,1,1285,1285,1285,2
openthread,2024-04-17,1286,1,1286,1286,1286,4
openthread,2024-04-18,1287,1,1287,1287,1287,3
openthread,2024-04-19,1288,1,1288,1288,1288,2
openthread,2024-04-22,1289,1,1289,1289,1289,4
openthread,2024-04-23,1290,1,1290,1290,1290,2
openthread,2024-04-24,1291,1,1291,1291,1291,2
openthread,2024-04-25,1292,1,1292,1292,1292,3
openthread,2024-04-26,1293,1,1293,1293,1293,5
openthread,2024-04-29,1294,1,1294,1294,1294,6
openthread,2024-04-30,1295,1,1295,1295,1295,1
openthread,2024-05-01,1296,1,1296,1296,1296,1
openthread,2024-05-02,1297,1,1297,1297,1297,8
openthread,2024-05-03,1298,1,1298,1298,1298,1
openthread,2024-05-06,1299,1,1299,1299,1299,4
openthread,2024-05-07,1300,1,1300,1300,1300,3
openthread,2024-05-08,1301,1,1301,1301,1301,2
openthread,2024-05-09,1302,1,1302,1302,1302,4
openthread,2024-05-13,1303,1,1303,1303,1303,4
openthread,2024-05-14,1304,1,1304,1304,1304,5
openthread,2024-05-15,1305,1,1305,1305,1305,7
openthread,2024-05-16,1306,1,1306,1306,1306,4
openthread,2024-05-17,1307,1,1307,1307,1307,10
openthread,2024-05-18,1308,1,1308,1308,1308,1
openthread,2024-05-20,1309,1,1309,1309,1309,6
openthread,2024-05-21,1310,1,1310,1310,1310,6
openthread,2024-05-22,1311,1,1311,1311,1311,4
openthread,2024-05-23,1312,1,1312,1312,1312,2
openthread,2024-05-24,1313,1,1313,1313,1313,2
openthread,2024-05-25,1314,1,1314,1314,1314,1
openthread,2024-05-28,1315,1,1315,1315,1315,8
openthread,2024-05-30,1316,1,1316,1316,1316,6
openthread,2024-05-31,1317,1,1317,1317,1317,4
openthread,2024-06-03,1318,1,1318,1318,1318,4
openthread,2024-06-04,1319,1,1319,1319,1319,12
openthread,2024-06-05,1320,1,1320,1320,1320,3
openthread,2024-06-06,1321,1,1321,1321,1321,4
openthread,2024-06-07,1322,1,1322,1322,1322,3
openthread,2024-06-10,1323,1,1323,1323,1323,2
openthread,2024-06-11,1324,1,1324,1324,1324,5
openthread,2024-06-12,1325,1,1325,1325,1325,3
openthread,2024-06-13,1326,1,1326,1326,1326,3
openthread,2024-06-14,1327,1,1327,1327,1327,10
openthread,2024-06-17,1328,1,1328,1328,1328,4
openthread,2024-06-18,1329,1,1329,1329,1329,5
openthread,2024-06-19,1330,1,1330,1330,1330,4
openthread,2024-06-20,1331,1,1331,1331,1331,1
openthread,2024-06-21,1332,1,1332,1332,1332,4
openthread,2024-06-24,1333,1,1333,1333,1333,9
openthread,2024-06-25,1334,1,1334,1334,1334,4
openthread,2024-06-26,1335,1,1335,1335,1335,5
openthread,2024-06-27,1336,1,1336,1336,1336,4
openthread,2024-07-01,1337,1,1337,1337,1337,4
openthread,2024-07-02,1338,1,1338,1338,1338,7
openthread,2024-07-03,1339,1,1339,1339,1339,9
openthread,2024-07-05,1340,1,1340,1340,1340,5
openthread,2024-07-08,1341,1,1341,1341,1341,5
openthread,2024-07-09,1342,1,1342,1342,1342,4
openthread,2024-07-10,1343,1,1343,1343,1343,4
openthread,2024-07-11,1344,1,1344,1344,1344,5
openthread,2024-07-12,1345,1,1345,1345,1345,1
openthread,2024-07-15,1346,1,1346,1346,1346,6
openthread,2024-07-16,1347,1,1347,1347,1347,3
openthread,2024-07-17,1348,1,1348,1348,1348,3
openthread,2024-07-18,1349,1,1349,1349,1349,3
openthread,2024-07-20,1350,1,1350,1350,1350,1
openthread,2024-07-22,1351,1,1351,1351,1351,2
openthread,2024-07-24,1352,1,1352,1352,1352,1
openthread,2024-07-25,1353,1,1353,1353,1353,1
openthread,2024-07-26,1354,1,1354,1354,1354,1
openthread,2024-07-29,1355,1,1355,1355,1355,1
openthread,2024-07-30,1356,1,1356,1356,1356,6
openthread,2024-07-31,1357,1,1357,1357,1357,2
openthread,2024-08-01,1358,1,1358,1358,1358,3
openthread,2024-08-02,1359,1,1359,1359,1359,2
openthread,2024-08-05,1360,1,1360,1360,1360,6
openthread,2024-08-06,1361,1,1361,1361,1361,3
openthread,2024-08-08,1362,1,1362,1362,1362,5
openthread,2024-08-09,1363,1,1363,1363,1363,2
openthread,2024-08-13,1364,1,1364,1364,1364,3
openthread,2024-08-14,1365,1,1365,1365,1365,9
openthread,2024-08-15,1366,1,1366,1366,1366,2
openthread,2024-08-16,1367,1,1367,1367,1367,5
openthread,2024-08-19,1368,1,1368,1368,1368,2
openthread,2024-08-20,1369,1,1369,1369,1369,2
openthread,2024-08-22,1370,1,1370,1370,1370,5
openthread,2024-08-23,1371,1,1371,1371,1371,1
openthread,2024-08-26,1372,1,1372,1372,1372,1
openthread,2024-08-27,1373,1,1373,1373,1373,6
openthread,2024-08-28,1374,1,1374,1374,1374,5
openthread,2024-08-29,1375,1,1375,1375,1375,1
openthread,2024-08-31,1376,1,1376,1376,1376,1
openthread,2024-09-02,1377,1,1377,1377,1377,2
openthread,2024-09-03,1378,1,1378,1378,1378,6
openthread,2024-09-04,1379,1,1379,1379,1379,3
openthread,2024-09-05,1380,1,1380,1380,1380,1
openthread,2024-09-06,1381,1,1381,1381,1381,3
openthread,2024-09-09,1382,1,1382,1382,1382,2
openthread,2024-09-10,1383,1,1383,1383,1383,2
openthread,2024-09-11,1384,1,1384,1384,1384,2
openthread,2024-09-13,1385,1,1385,1385,1385,2
openthread,2024-09-14,1386,1,1386,1386,1386,1
openthread,2024-09-16,1387,1,1387,1387,1387,6
openthread,2024-09-17,1388,1,1388,1388,1388,6
openthread,2024-09-18,1389,1,1389,1389,1389,5
openthread,2024-09-19,1390,1,1390,1390,1390,1
openthread,2024-09-20,1391,1,1391,1391,1391,2
openthread,2024-09-23,1392,1,1392,1392,1392,3
openthread,2024-09-24,1393,1,1393,1393,1393,5
openthread,2024-09-25,1394,1,1394,1394,1394,4
openthread,2024-09-26,1395,1,1395,1395,1395,2
openthread,2024-09-27,1396,1,1396,1396,1396,1
openthread,2024-09-30,1397,1,1397,1397,1397,8
openthread,2024-10-01,1398,1,1398,1398,1398,1
openthread,2024-10-02,1399,1,1399,1399,1399,2
openthread,2024-10-03,1400,1,1400,1400,1400,2
openthread,2024-10-04,1401,1,1401,1401,1401,3
openthread,2024-10-07,1402,1,1402,1402,1402,3
openthread,2024-10-14,1403,1,1403,1403,1403,6
openthread,2024-10-15,1404,1,1404,1404,1404,5
openthread,2024-10-16,1405,1,1405,1405,1405,4
openthread,2024-10-17,1406,1,1406,1406,1406,2
openthread,2024-10-18,1407,1,1407,1407,1407,1
openthread,2024-10-21,1408,1,1408,1408,1408,4
openthread,2024-10-23,1409,1,1409,1409,1409,2
openthread,2024-10-24,1410,1,1410,1410,1410,2
openthread,2024-10-28,1411,1,1411,1411,1411,3
openthread,2024-10-29,1412,1,1412,1412,1412,3
openthread,2024-10-30,1413,1,1413,1413,1413,5
openthread,2024-10-31,1414,1,1414,1414,1414,3
openthread,2024-11-01,1415,1,1415,1415,1415,2
openthread,2024-11-02,1416,1,1416,1416,1416,1
openthread,2024-11-04,1417,1,1417,1417,1417,1
openthread,2024-11-05,1418,1,1418,1418,1418,4
openthread,2024-11-06,1419,1,1419,1419,1419,2
openthread,2024-11-07,1420,1,1420,1420,1420,2
openthread,2024-11-11,1421,1,1421,1421,1421,6
openthread,2024-11-12,1422,1,1422,1422,1422,1
openthread,2024-11-13,1423,1,1423,1423,1423,5
openthread,2024-11-14,1424,1,1424,1424,1424,2
openthread,2024-11-15,1425,1,1425,1425,1425,1
openthread,2024-11-18,1426,1,1426,1426,1426,2
openthread,2024-11-19,1427,1,1427,1427,1427,6
openthread,2024-11-20,1428,1,1428,1428,1428,5
openthread,2024-11-21,1429,1,1429,1429,1429,7
openthread,2024-11-22,1430,1,1430,1430,1430,2
openthread,2024-11-23,1431,1,1431,1431,1431,5
openthread,2024-11-25,1432,1,1432,1432,1432,4
openthread,2024-11-26,1433,1,1433,1433,1433,3
openthread,2024-11-27,1434,1,1434,1434,1434,4
openthread,2024-11-28,1435,1,1435,1435,1435,1
openthread,2024-12-02,1436,1,1436,1436,1436,2
openthread,2024-12-04,1437,1,1437,1437,1437,5
openthread,2024-12-05,1438,1,1438,1438,1438,4
openthread,2024-12-06,1439,1,1439,1439,1439,2
openthread,2024-12-09,1440,1,1440,1440,1440,7
openthread,2024-12-10,1441,1,1441,1441,1441,4
openthread,2024-12-11,1442,1,1442,1442,1442,3
openthread,2024-12-12,1443,1,1443,1443,1443,2
openthread,2024-12-13,1444,1,1444,1444,1444,7
openthread,2024-12-16,1445,1,1445,1445,1445,3
openthread,2024-12-18,1446,1,1446,1446,1446,4
openthread,2024-12-19,1447,1,1447,1447,1447,8
openthread,2024-12-24,1448,1,1448,1448,1448,3
openthread,2024-12-26,1449,1,1449,1449,1449,2
openthread,2024-12-27,1450,1,1450,1450,1450,1
openthread,2024-12-28,1451,1,1451,1451,1451,2
openthread,2025-01-04,1452,1,1452,1452,1452,4
openthread,2025-01-06,1453,1,1453,1453,1453,9
openthread,2025-01-07,1454,1,1454,1454,1454,4
openthread,2025-01-08,1455,1,1455,1455,1455,6
openthread,2025-01-09,1456,1,1456,1456,1456,6
openthread,2025-01-10,1457,1,1457,1457,1457,2
openthread,2025-01-13,1458,1,1458,1458,1458,4
openthread,2025-01-14,1459,1,1459,1459,1459,3
openthread,2025-01-15,1460,1,1460,1460,1460,5
openthread,2025-01-21,1461,1,1461,1461,1461,3
openthread,2025-01-22,1462,1,1462,1462,1462,5
openthread,2025-01-23,1463,1,1463,1463,1463,2
openthread,2025-01-28,1464,1,1464,1464,1464,6
openthread,2025-01-29,1465,1,1465,1465,1465,2
openthread,2025-01-31,1466,1,1466,1466,1466,1
openthread,2025-02-03,1467,1,1467,1467,1467,1
openthread,2025-02-04,1468,1,1468,1468,1468,2
openthread,2025-02-05,1469,1,1469,1469,1469,1
openthread,2025-02-06,1470,1,1470,1470,1470,1
openthread,2025-02-07,1471,1,1471,1471,1471,4
openthread,2025-02-10,1472,1,1472,1472,1472,2
openthread,2025-02-11,1473,1,1473,1473,1473,2
openthread,2025-02-12,1474,1,1474,1474,1474,11
openthread,2025-02-13,1475,1,1475,1475,1475,5
openthread,2025-02-14,1476,1,1476,1476,1476,1
openthread,2025-02-18,1477,1,1477,1477,1477,5
openthread,2025-02-20,1478,1,1478,1478,1478,2
openthread,2025-02-21,1479,1,1479,1479,1479,3
openthread,2025-02-22,1480,1,1480,1480,1480,1
openthread,2025-02-24,1481,1,1481,1481,1481,3
openthread,2025-02-25,1482,1,1482,1482,1482,2
openthread,2025-02-26,1483,1,1483,1483,1483,1
openthread,2025-02-27,1484,1,1484,1484,1484,4
openthread,2025-02-28,1485,1,1485,1485,1485,6
openthread,2025-03-03,1486,1,1486,1486,1486,4
openthread,2025-03-04,1487,1,1487,1487,1487,4
openthread,2025-03-05,1488,1,1488,1488,1488,1
openthread,2025-03-06,1489,1,1489,1489,1489,1
openthread,2025-03-10,1490,1,1490,1490,1490,3
openthread,2025-03-11,1491,1,1491,1491,1491,1
openthread,2025-03-12,1492,1,1492,1492,1492,4
openthread,2025-03-13,1493,1,1493,1493,1493,5
openthread,2025-03-17,1494,1,1494,1494,1494,2
openthread,2025-03-18,1495,1,1495,1495,1495,1
openthread,2025-03-19,1496,1,1496,1496,1496,1
openthread,2025-03-20,1497,1,1497,1497,1497,2
openthread,2025-03-24,1498,1,1498,1498,1498,6
openthread,2025-03-25,1499,1,1499,1499,1499,4
openthread,2025-03-26,1500,1,1500,1500,1500,1
openthread,2025-03-27,1501,1,1501,1501,1501,3
openthread,2025-03-28,1502,1,1502,1502,1502,4
openthread,2025-03-31,1503,1,1503,1503,1503,3
openthread,2025-04-01,1504,1,1504,1504,1504,7
openthread,2025-04-02,1505,1,1505,1505,1505,2
openthread,2025-04-03,1506,1,1506,1506,1506,4
openthread,2025-04-08,1507,1,1507,1507,1507,2
openthread,2025-04-09,1508,1,1508,1508,1508,1
openthread,2025-04-11,1509,1,1509,1509,1509,1
openthread,2025-04-23,1510,1,1510,1510,1510,5
openthread,2025-04-24,1511,1,1511,1511,1511,1
openthread,2025-04-25,1512,1,1512,1512,1512,2
openthread,2025-04-28,1513,1,1513,1513,1513,3
openthread,2025-04-29,1514,1,1514,1514,1514,3
openthread,2025-04-30,1515,1,1515,1515,1515,2
openthread,2025-05-01,1516,1,1516,1516,1516,1
openthread,2025-05-05,1517,1,1517,1517,1517,2
openthread,2025-05-06,1518,1,1518,1518,1518,2
openthread,2025-05-07,1519,1,1519,1519,1519,1
openthread,2025-05-08,1520,1,1520,1520,1520,3
openthread,2025-05-09,1521,1,1521,1521,1521,2
openthread,2025-05-12,1522,1,1522,1522,1522,2
openthread,2025-05-13,1523,1,1523,1523,1523,1
openthread,2025-05-14,1524,1,1524,1524,1524,4
openthread,2025-05-15,1525,1,1525,1525,1525,6
openthread,2025-05-17,1526,1,1526,1526,1526,2
openthread,2025-05-19,1527,1,1527,1527,1527,3
openthread,2025-05-20,1528,1,1528,1528,1528,3
openthread,2025-05-21,1529,1,1529,1529,1529,4
openthread,2025-05-22,1530,1,1530,1530,1530,2
openthread,2025-05-23,1531,1,1531,1531,1531,3
openthread,2025-05-27,1532,1,1532,1532,1532,3
openthread,2025-05-28,1533,1,1533,1533,1533,2
openthread,2025-05-29,1534,1,1534,1534,1534,3
